tnvd портер,1885,,фильт
тнвд портер 1,938,,
тнвд хендай портер,485,,
топливный насос портер,238,,
тнвд портер 1 купить,229,,
тнвд хундай портер,224,,
тнвд porter,211,,
тнвд хендай портер 1,196,,
ремонт тнвд портер,192,,
топливный бак портер,188,,
тнвд на портер купить,176,,
топливная система портер,149,,
тнвд портер тагаз,130,,
тнвд портер цена,129,,
клапан тнвд портер,124,,
тнвд портер 2,120,,
топливный насос портер 1,112,,
ремонт тнвд портер 1,105,,
тнвд хундай портер 1,94,,
тнвд hyundai porter,92,,
подкачка топлива портер,91,,
тнвд портер 1 цена,88,,
хендай портер топливный насос,83,,
топливный бак хендай портер,80,,
форсунки топливные портер,71,,
тнвд портер бу,71,,
регулировка тнвд портер,69,,
топливный бак портер 1,60,,
тнвд портер бу купить,58,,
тнвд портер 1 новый,57,,
клапан тнвд портер 1,56,,
тнвд на портер 1 купить новый,55,,
куплю тнвд хундай портер,53,,
обратный клапан тнвд портер,53,,
замена тнвд портер,52,,
тнвд хендай портер тагаз,51,,
механический тнвд портер,50,,
объем топливного бака портер,48,,
топливная система хендай портер,48,,
топливная система портер 2,45,,
ремонт тнвд хендай портер,44,,
насос тнвд портер,41,,
тнвд h100,40,,
porter топливный насос,40,,
тнвд портер 1 бу,40,,
крышка топливного бака портер,39,,
топливный насос хундай портер,37,,
купить тнвд хендай портер 1,37,,
портер 2 топливный бак,35,,
плунжерная пара тнвд портер 1,34,,
портер схема тнвд,33,,
снять тнвд портер,32,,
тнвд porter 1,30,,
насос ручной подкачки топлива портер,30,,
купить тнвд на портер цена,29,,
тнвд на портер 1 купить новый цена,29,,
ремонт тнвд портер цена,29,,
хендай портер 1 топливный насос,28,,
регулировка тнвд хендай портер,28,,
регулировка тнвд портер 1,28,,
портер 1 ремкомплект тнвд,28,,
топливная система портер 1,27,,
тнвд хундай портер 1 купить бу,27,,
тнвд портер 1 б у купить,27,,
тнвд porter тагаз,26,,
топливный насос портер 2,26,,
воздух в топливной системе портер,26,,
ремонт тнвд портер 1 цена,26,,
тнвд хендай портер цена,25,,
схема тнвд портер 1,24,,
датчик на тнвд на портер,23,,
тнвд хендай портер 2,22,,
топливный бак портер 1 объем,21,,
хендай портер объем топливного бака,21,,
тнвд на хендай портер 1 тагаз,21,,
новый тнвд 33104 42500 hyundai porter купить,19,,
обратный клапан тнвд на портер 1,19,,
клапан тнвд porter,18,,
форсунка топливная портер 2,18,,
тнвд хендай портер 1 ремонт,17,,
топливные трубки хендай портер,16,,
тнвд на портер 1 цена москве,16,,
топливный насос hyundai porter купить,15,,
топливная система хендай портер 2,15,,
тнвд porter 2,14,,
ремонт тнвд hyundai porter,14,,
porter тнвд течь,13,,
крышка топливного бака портер 1,13,,
тнвд портер тагаз купить,13,,
купить тнвд на портер 1 в москве,13,,
насос тнвд портер 1,13,,
авито топливный насос на hyundai porter 2006,12,,
ремонт тнвд аппарат портер екатеринбург,12,,
топливная система хендай портер 1,11,,
хендай портер тнвд механическое,11,,
топливная форсунка хендай портер 1,10,,
хендай портер 1 тнвд цена,10,,
ремонт тнвд портер 1 цена москве,10,,
крышка топливного бака портер чем заменить,9,,
тнвд хендай портер 1 бу купить,9,,
ремонт тнвд портер 2,9,,
установка тнвд на портер,9,,
насос подкачки топлива porter hyundai,8,,
топливные трубки портер 1 купить москва,8,,
трубка топливная на бак хендай портер 2,8,,
объем топливного бака хендай портер 1,8,,
портер 2 объем топливного бака,8,,
как почистить топливную систему на портер 1,8,,
снятие и установка тнвд хундай портер 1,8,,
диагностика тнвд хендай портер,8,,
купить тнвд на портер 1 недорого,8,,
тнвд портер 1 устройство,8,,
купить клапан отсечки топлива хендай портер,8,,
форсунка топливная портер 2 евро 4,7,,
регулировка тнвд хендай портер в зао,7,,
ремонт тнвд хендай портер в казани,7,,
тнвд механический бу портер тагаз,7,,
купить регулятор давления тнвд для портер 1,7,,
поворот тнвд портер,7,,
клапан топл насоса на портер 1 цена,7,,
33104 42500 тнвд porter цена,6,,
снятие топливного насоса хендай портер 1,6,,
портер 2 регулировка топливного насоса,6,,
ремонт тнвд хундай портер 3 москва,6,,
плунжерная пара тнвд портер тагаз,6,,
тнвд датчик давления портер 2,6,,
тнвд porter 1 купить,5,,
ремкомплект тнвд porter 1,5,,
новый топливный насос hyundai porter купить,5,,
топливной насос дизельного двигателя хендай портер,5,,
размер топливного бака портер 1,5,,
верхняя крышка тнвд хендай портер 1,5,,
проводка тнвд на портер 1 тагаз,5,,
обратный клапан тнвд портер тагаз,5,,
тнвд датчик давления портер 2 2008,5,,
блок управления тнвд портер 1,5,,
уходит антифриз со стороны тнвд портер 1,5,,
ремонт насоса тнвд аппарат портер екатеринбург,5,,
регулировка впрыска тнвд на портер,5,,
чем выставляют момент впрыска на тнвд портер,5,,
форсунка топливная для портера тагаз,4,,
топливный форсунки для портер 1,4,,
бак портер,547,,
бак портера,546,,
бак хендай портер,222,,
бак портер 1,164,,
объем бака портер,149,,
крышка бака портер,67,,
объем бака хендай портер,63,,
объем бака портер 1,52,,
хендай портер бак сколько литров,28,,
объем бака портер 2,27,,
крышка бака хендай портер,22,,
крышка бака портер 1,21,,
объем бака хендай портер 1,16,,
объем бака хендай портер 2,15,,
объем бака хундай портер,11,,
сколько литров бак на хендай портер 1,7,,
сколько бак у портера 1,6,,
хендай портер h100 объем бака,5,,
купить крышку бака от хендай портер,5,,
промыть бак хендай портер 1,5,,
портер 2 съем бака,5,,
трубка от фильтра к тнвд портер 2,3,,
датчик топливного фильтра портер,27,,
как снять форсунки на хендай портер 1,5,,
форсунки хендай портер 2 цена,6,,
купить форсунки портер 2 евро 4,6,,
портер 1 давление открытия форсунки,6,,
трубка для форсунки хундай портер,6,,
сколько ходят форсунки на портер 1,6,,
хендай портер 1 купить обратный клапан,6,,
форсунки портер,1316,,
форсунки хендай портер,366,,
форсунки портер 2,312,,
форсунки на портер 1,228,,
обратный клапан портер,137,,
распылители портер,133,,
распылитель портер,125,,
форсунки porter,122,,
форсунки на портер цена,105,,
купить форсунки на портер,104,,
форсунка хендай портер 1,103,,
замена форсунок портер,99,,
форсунка хундай портер,84,,
распылители форсунок портер,84,,
замена форсунок портера,82,,
форсунка портер тагаз,64,,
форсунки на портер 1 цена,61,,
распылитель портер 1,61,,
обратный клапан портер 1,58,,
ремонт форсунки портер,57,,
купить форсунки портер 1,55,,
хендай портер 2 форсунки,45,,
распылитель форсунки портер 1,45,,
форсунки hyundai porter,41,,
портер снять форсунки,39,,
форсунки на портер 2 цена,36,,
хендай портер замена форсунок,34,,
форсунки хендай портер цена,33,,
купить форсунки на портер 2,32,,
портер трубка форсунки,31,,
распылитель хендай портер,31,,
трубка обратки портер,29,,
хендай н100 портер течь форсунок форум,23,,
форсунки porter 2,22,,
кольцо форсунки портер 1,20,,
замена форсунок портер 2,19,,
форсунки портер 2 евро 5,18,,
форсунки на хендай портер 1 цена,17,,
распылители форсунок хендай портер,17,,
распылитель форсунки портер тагаз,17,,
шайба форсунки портер 1,16,,
форсунка ремонт портер 1,16,,
форсунки на портер 2 евро 4,15,,
как поменять форсунки на хендай портер,13,,
трубка на гур обратная на портер,12,,
ремонт форсунок на портер 2,11,,
форсунка дизельная porter 1 тагаз,10,,
уплотнительные кольца на обратку портер 2,10,,
обратка гура портер 1,10,,
форсунки на портер 1 цена бу,9,,
для хендай портер обратный клапан,9,,
солярка в колодце форсунки портер н100,7,,
hyundai porter 1 обратный трубка цена,7,,
купить форсунки для хендай портер,7,,
помпа солярки на хендай портер с обогревом,5,,
пара портер,121,,
плунжерная пара портер,83,,
плунжерная пара портер 1,40,,
подкачка портер,212,,
насос подкачки портер,111,,
ручная подкачка портер,83,,
подкачка портер 1,75,,
насос ручной подкачки портер,70,,
насос подкачки портер 1,42,,
насос ручной подкачки портер 1,25,,
портер 1 не работает подкачка,9,,
насос ручной подкачки портер 1 с подогревом,8,,
ручной насос подкачки от портера с подогревом,8,,
насос на портер,364,,
подогрев портер,231,,
трубка портер 1,219,,
насос на портер 1,149,,
портер 2 насос высокого давления цена,8,,
дмрв hyundai porter 2 где находится,6,,
подогрев электрический для автомобиля хундай портера дай,6,,
